City_ID,City,Lat,Lng,Max Temp,Humidity,Cloudiness,Wind Speed,Country,Date
0,saskylakh,71.9167,114.0833,-33.42,99,100,0.82,RU,1675831604
1,alta floresta,-9.8756,-56.0861,21.66,97,97,0.7,BR,1675831904
2,chuy,-33.6971,-53.4616,20.09,86,12,2.73,UY,1675831904
3,albany,42.6001,-73.9662,2.35,78,84,1.67,US,1675831653
4,tasiilaq,65.6145,-37.6368,-17.91,46,0,8.49,GL,1675831905
5,rikitea,-23.1203,-134.9692,26.48,71,61,4.02,PF,1675831662
6,ribeira grande,38.5167,-28.7,12.65,64,55,3.13,PT,1675831905
7,avarua,-21.2078,-159.775,28.03,78,20,3.6,CK,1675831906
8,cape town,-33.9258,18.4232,21.06,75,20,5.81,ZA,1675831906
9,uige,-7.6087,15.0613,18.79,92,100,0.2,AO,1675831906
10,cabo san lucas,22.8909,-109.9124,20.28,38,87,2.38,MX,1675831907
11,sur,22.5667,59.5289,26.19,43,65,1.84,OM,1675831907
12,bathsheba,13.2167,-59.5167,25.34,83,40,5.66,BB,1675831908
13,kwaluseni,-26.4833,31.3333,20.34,92,61,0.83,SZ,1675831908
14,jamestown,42.097,-79.2353,2.79,95,100,4.12,US,1675831909
15,soe,-9.8607,124.284,25.11,78,18,2.27,ID,1675831909
16,new norfolk,-42.7826,147.0587,17.73,43,7,0.89,AU,1675831909
17,bandarbeyla,9.4942,50.8122,25.47,69,99,5.47,SO,1675831910
18,iqaluit,63.7506,-68.5145,-33.15,75,75,1.03,CA,1675831910
19,pevek,69.7008,170.3133,-30.37,98,100,1.71,RU,1675831911
20,savyntsi,49.4026,37.0627,-9.49,87,6,5.39,UA,1675831911
21,kodiak,57.79,-152.4072,-5.27,63,0,7.72,US,1675831911
22,ponta do sol,32.6667,-17.1,15.4,70,33,3.3,PT,1675831912
23,punta arenas,-53.15,-70.9167,13.06,71,0,6.69,CL,1675831823
24,chokurdakh,70.6333,147.9167,-36.8,99,100,1.82,RU,1675831912
25,oktyabrskiy,54.4815,53.471,-21.03,100,89,0.87,RU,1675831913
26,teya,60.3778,92.6267,-10.07,89,100,2.74,RU,1675831913
27,torbay,47.6666,-52.7314,-2.56,85,75,11.32,CA,1675831913
28,nyurba,63.2842,118.3319,-31.78,93,100,0.32,RU,1675831914
29,upernavik,72.7868,-56.1549,-30.73,95,47,1.89,GL,1675831914
30,khatanga,71.9667,102.5,-43.26,100,62,1.44,RU,1675831797
31,kinkala,-4.3614,14.7644,20.41,94,97,0.78,CG,1675831915
32,los llanos de aridane,28.6585,-17.9182,11.86,76,20,3.6,ES,1675831915
33,longyearbyen,78.2186,15.6401,-5.09,68,40,4.12,SJ,1675831916
34,kashi,39.4547,75.9797,2.56,35,0,1.0,CN,1675831916
35,almeirim,-1.5233,-52.5817,23.34,93,100,1.49,BR,1675831917
36,honningsvag,70.9821,25.9704,1.86,60,20,11.83,NO,1675831917
37,east london,-33.0153,27.9116,20.52,94,100,4.63,ZA,1675831917
38,constitucion,-35.3333,-72.4167,15.98,63,0,3.68,CL,1675831857
39,hunchun,42.8675,130.3581,-1.89,40,22,5.47,CN,1675831918
40,tiksi,71.6872,128.8694,-37.81,99,93,2.79,RU,1675831919
41,port lincoln,-34.7333,135.8667,24.77,51,46,4.78,AU,1675831919
42,pangnirtung,66.1451,-65.7125,-33.68,82,5,2.59,CA,1675831920
43,kavieng,-2.5744,150.7967,27.98,76,100,4.0,PG,1675831920
44,hithadhoo,-0.6,73.0833,27.4,73,12,3.52,MV,1675831693
45,busselton,-33.65,115.3333,28.07,44,0,3.84,AU,1675831836
46,kuala terengganu,5.3302,103.1408,29.43,83,40,4.63,MY,1675831921
47,puerto salgar,5.463,-74.6544,23.32,88,16,0.69,CO,1675831921
48,high prairie,55.4334,-116.4858,-7.75,95,100,0.4,CA,1675831805
49,prestea,5.4327,-2.1428,23.01,96,95,1.0,GH,1675831923
50,qaanaaq,77.484,-69.3632,-32.1,67,8,2.71,GL,1675831924
51,tuatapere,-46.1333,167.6833,11.17,77,65,6.79,NZ,1675831817
52,port augusta,-32.5,137.7667,36.09,13,0,5.77,AU,1675831924
53,broken hill,-31.95,141.4333,31.96,13,0,5.46,AU,1675831925
54,barrow,71.2906,-156.7887,-18.99,78,100,3.09,US,1675831926
55,yulara,-25.2406,130.9889,38.71,14,0,5.52,AU,1675831926
56,kapaa,22.0752,-159.319,25.99,85,75,7.2,US,1675831927
57,port alfred,-33.5906,26.891,20.66,87,100,1.79,ZA,1675831927
58,mar del plata,-38.0023,-57.5575,22.83,97,100,8.05,AR,1675831928
59,bireun,5.203,96.7009,28.29,68,100,1.77,ID,1675831687
60,santa vitoria do palmar,-33.5189,-53.3681,20.32,86,19,2.81,BR,1675831692
61,huilong,31.8111,121.655,8.85,64,97,5.8,CN,1675831930
62,santa cruz do sul,-29.7175,-52.4258,19.59,80,1,1.28,BR,1675831930
63,morehead,37.2711,-87.1764,11.11,87,100,0.45,US,1675831931
64,hermanus,-34.4187,19.2345,19.33,82,0,5.87,ZA,1675831829
65,north myrtle beach,33.816,-78.68,12.79,88,75,0.0,US,1675831779
66,puerto ayora,-0.7393,-90.3518,25.86,92,36,1.34,EC,1675831932
67,salalah,17.0151,54.0924,21.05,56,0,1.03,OM,1675831933
68,neuquen,-38.9516,-68.0591,22.94,38,0,5.14,AR,1675831860
69,mataura,-46.1927,168.8643,9.15,62,56,5.29,NZ,1675831934
70,tigre,-34.426,-58.5796,28.45,64,0,3.6,AR,1675831934
71,saint-philippe,-21.3585,55.7679,28.77,81,87,5.91,RE,1675831833
72,balkhash,46.844,74.9804,-15.66,85,40,7.0,KZ,1675831935
73,paamiut,61.994,-49.6678,-15.41,77,90,5.59,GL,1675831936
74,iquitos,-3.7481,-73.2472,25.02,88,75,3.09,PE,1675831936
75,haines junction,60.7522,-137.5108,-4.03,80,45,1.54,CA,1675831937
76,puntarenas,9.9763,-84.8384,24.75,73,77,1.88,CR,1675831937
77,husavik,66.0449,-17.3389,-4.87,75,90,7.69,IS,1675831938
78,butaritari,3.0707,172.7902,27.43,81,100,9.55,KI,1675831939
79,touros,-5.1989,-35.4608,25.03,74,100,5.6,BR,1675831718
80,buta,2.7858,24.73,18.66,44,69,0.45,CD,1675831940
81,sarreguemines,49.0833,7.3333,-0.71,49,0,4.2,FR,1675831940
82,carnarvon,-24.8667,113.6333,30.24,53,4,7.04,AU,1675831941
83,norman wells,65.282,-126.8329,-23.98,77,75,2.06,CA,1675831942
84,tazovskiy,67.4667,78.7,-21.56,97,100,4.86,RU,1675831942
85,labelle,26.7617,-81.4384,19.01,76,3,2.97,US,1675831943
86,victoria,22.2855,114.1577,21.09,82,96,4.47,HK,1675831822
87,kyra,49.5776,111.9753,-9.07,65,5,1.1,RU,1675831945
88,saint anthony,45.0205,-93.218,-1.04,80,0,3.09,US,1675831936
89,aklavik,68.2191,-135.0107,-28.79,96,100,3.32,CA,1675831946
90,hovd,48.0056,91.6419,-13.9,74,99,1.63,MN,1675831761
91,hay river,60.8156,-115.7999,-21.01,84,75,2.06,CA,1675831948
92,toro,4.6117,-76.0814,23.38,97,43,0.92,CO,1675831949
93,severo-kurilsk,50.6789,156.125,-4.62,75,25,4.76,RU,1675831951
94,sao joao da barra,-21.6403,-41.0511,23.26,94,100,1.65,BR,1675831951
95,airai,-8.9266,125.4092,20.88,81,82,1.76,TL,1675831952
96,ushuaia,-54.8,-68.3,10.81,71,40,1.54,AR,1675831947
97,kaeo,-35.1,173.7833,25.18,66,26,4.11,NZ,1675831952
98,soyo,-6.1349,12.3689,26.07,82,85,2.71,AO,1675831953
99,cumra,37.5732,32.7745,-6.92,91,80,2.02,TR,1675831953
100,takoradi,4.8845,-1.7554,25.27,87,96,2.14,GH,1675831954
101,vostok,46.4856,135.8833,-15.88,82,62,5.71,RU,1675831954
102,buala,-8.145,159.5921,27.94,81,94,3.81,SB,1675831955
103,urumqi,43.801,87.6005,-8.47,93,75,2.0,CN,1675831699
104,hobart,-42.8794,147.3294,17.93,64,40,6.69,AU,1675831955
105,uray,60.1247,64.7758,-17.66,98,99,3.43,RU,1675831956
106,havoysund,70.9963,24.6622,2.13,59,55,11.69,NO,1675831956
107,bonfim,3.0833,-59.95,24.92,75,44,3.91,BR,1675831957
108,mancio lima,-7.6142,-72.8958,22.04,100,0,0.0,BR,1675831957
109,petropavlovsk-kamchatskiy,53.0452,158.6483,-7.67,42,40,3.0,RU,1675831958
110,faanui,-16.4833,-151.75,27.16,72,24,5.19,PF,1675831958
111,san francisco de coray,13.6614,-87.5328,23.76,60,8,2.21,HN,1675831959
112,bethel,41.3712,-73.414,3.6,84,75,0.89,US,1675831931
113,gwadar,25.1216,62.3254,22.73,61,9,1.6,PK,1675831959
114,yellowknife,62.456,-114.3525,-19.69,84,100,3.09,CA,1675831718
115,magadan,59.5667,150.8,-21.93,81,31,2.72,RU,1675831921
116,vaini,-21.2,-175.2,25.09,100,75,2.57,TO,1675831960
117,bluff,-46.6,168.3333,9.33,67,57,12.14,NZ,1675831960
118,fort nelson,58.8053,-122.7002,-11.23,92,0,1.03,CA,1675831961
119,dicabisagan,17.0818,122.4157,24.68,84,96,3.87,PH,1675831961
120,kutum,14.2,24.6667,10.24,33,17,4.31,SD,1675831961
121,aneho,6.2333,1.6,27.11,83,94,3.23,TG,1675831962
122,kahului,20.8947,-156.47,24.36,82,40,8.23,US,1675831853
123,hualmay,-11.0964,-77.6139,22.27,87,26,2.81,PE,1675831963
124,todos santos,23.45,-110.2167,18.14,54,99,4.51,MX,1675831963
125,portland,45.5234,-122.6762,7.33,89,0,2.68,US,1675831852
126,george,-33.963,22.4617,17.75,88,100,4.12,ZA,1675831964
127,vila velha,-20.3297,-40.2925,24.97,90,40,0.0,BR,1675831964
128,ambon,-3.6954,128.1814,33.08,62,20,5.14,ID,1675831964
129,georgetown,5.4112,100.3354,31.96,66,20,3.09,MY,1675831684
130,souillac,-20.5167,57.5167,27.21,78,40,5.14,MU,1675831965
131,mantua,45.1667,10.7833,-0.42,72,0,1.34,IT,1675831965
132,saint-pierre,-21.3393,55.4781,28.82,65,0,10.8,RE,1675831966
133,tautira,-17.7333,-149.15,26.79,62,6,2.46,PF,1675831966
134,pemangkat,1.1667,108.9667,27.66,76,95,3.0,ID,1675831967
135,thinadhoo,0.5333,72.9333,27.17,75,23,3.62,MV,1675831967
136,port elizabeth,-33.918,25.5701,20.17,93,40,3.6,ZA,1675831698
137,bredasdorp,-34.5322,20.0403,19.13,78,5,3.57,ZA,1675831968
138,opuwo,-18.0607,13.84,17.38,60,99,1.54,NA,1675831968
139,oranjemund,-28.55,16.4333,17.35,90,99,5.19,NA,1675831968
140,russellville,35.2784,-93.1338,10.08,95,100,0.0,US,1675831969
141,port hardy,50.6996,-127.4199,3.1,100,75,1.54,CA,1675831885
142,bambanglipuro,-7.95,110.2833,26.95,78,100,1.03,ID,1675831969
143,corner brook,48.9667,-57.9484,-18.91,100,61,1.6,CA,1675831961
144,katsuura,35.1333,140.3,9.87,70,98,8.0,JP,1675831970
145,idanre,7.1127,5.1159,21.69,98,62,0.79,NG,1675831970
146,kruisfontein,-34.0033,24.7314,18.27,74,99,1.4,ZA,1675831944
147,lebu,-37.6167,-73.65,14.62,89,0,7.37,CL,1675831971
148,pizarro,4.9533,-77.366,25.08,89,41,1.52,CO,1675831971
149,clyde river,70.4692,-68.5914,-35.87,68,0,2.06,CA,1675831844
150,provideniya,64.3833,-173.3,-19.94,71,100,3.0,RU,1675831972
151,tuktoyaktuk,69.4541,-133.0374,-30.0,69,100,1.54,CA,1675831972
152,spornoye,50.8448,37.2913,-12.41,93,6,4.55,RU,1675831973
153,channel-port aux basques,47.5702,-59.1367,-6.85,82,80,7.17,CA,1675831973
154,birao,10.2849,22.7882,20.01,21,10,5.32,CF,1675831974
155,ardakan,32.31,54.0175,13.45,31,0,6.01,IR,1675831974
156,carballo,43.213,-8.691,5.99,69,26,1.86,ES,1675831974
157,hilo,19.7297,-155.09,23.49,91,100,3.09,US,1675831975
158,grandola,38.1772,-8.5668,7.42,95,44,4.04,PT,1675831975
159,geraldton,-28.7667,114.6,32.23,37,0,7.72,AU,1675831976
160,krasnovishersk,60.4078,57.082,-14.99,96,100,3.13,RU,1675831976
161,atuona,-9.8,-139.0333,26.12,76,21,7.61,PF,1675831944
162,pringsewu,-5.3582,104.9744,31.82,55,94,1.22,ID,1675831977
163,priiskovyy,51.9333,116.6333,-15.94,85,47,0.55,RU,1675831977
164,palmer,42.1584,-72.3287,2.03,84,75,3.6,US,1675831849
165,djibo,14.1022,-1.6306,23.84,16,79,4.39,BF,1675831978
166,colombia,20.9881,-77.4297,22.66,80,2,5.2,CU,1675831978
167,sesheke,-17.4759,24.2968,19.07,93,95,1.13,ZM,1675831979
168,zhenjiang,32.2092,119.4342,11.84,46,99,6.65,CN,1675831979
169,nikolskoye,59.7035,30.7861,-1.06,87,100,4.1,RU,1675831980
170,imbituba,-28.24,-48.6703,21.54,90,23,2.7,BR,1675831801
171,tanout,14.9709,8.8879,16.65,24,88,5.31,NE,1675831980
172,garowe,8.4054,48.4845,21.42,74,50,5.09,SO,1675831980
173,port blair,11.6667,92.75,30.02,58,40,3.6,IN,1675831938
174,komatipoort,-25.4332,31.9548,22.81,92,86,1.78,ZA,1675831981
175,russell,32.3502,-85.1999,16.57,76,92,1.72,US,1675831981
176,poum,-20.2333,164.0167,26.83,85,100,9.84,NC,1675831982
177,tual,-5.6667,132.75,28.24,73,97,9.75,ID,1675831983
178,viransehir,37.2353,39.7631,0.23,89,96,2.65,TR,1675831983
179,khandyga,62.6667,135.6,-36.78,94,98,0.31,RU,1675831984
180,kasongo,-4.45,26.6667,20.27,97,98,1.55,CD,1675831985
181,zatyshshya,47.3335,29.8733,-5.85,69,90,6.46,UA,1675831985
182,newton,42.337,-71.2092,1.7,86,100,4.63,US,1675831801
183,atasu,48.6814,71.6433,-12.69,91,100,2.81,KZ,1675831987
184,aldan,58.6031,125.3894,-26.22,84,100,2.12,RU,1675831988
185,beloha,-25.1667,45.05,24.78,67,100,3.3,MG,1675831989
186,ust-nera,64.5667,143.2,-35.59,97,83,0.63,RU,1675831962
187,saryozek,44.3583,77.9753,-1.21,75,98,2.21,KZ,1675831991
188,menongue,-14.6585,17.691,16.09,81,100,1.58,AO,1675831991
189,camara de lobos,32.6333,-16.9667,15.4,80,75,4.12,PT,1675831993
190,rio grande,-32.035,-52.0986,23.27,73,1,6.46,BR,1675831993
191,ilulissat,69.2167,-51.1,-26.99,76,75,2.57,GL,1675831994
192,phan thiet,10.9333,108.1,30.87,54,12,6.36,VN,1675831995
193,cassia,-20.5831,-46.9219,19.63,96,99,0.52,BR,1675831996
194,mana,5.6592,-53.7767,23.79,91,38,3.81,GF,1675831996
195,pali,25.7667,73.3333,23.45,20,0,1.58,IN,1675831997
196,zhigansk,66.7697,123.3711,-42.12,96,100,3.04,RU,1675831858
197,xining,36.6167,101.7667,1.19,58,95,1.36,CN,1675831998
198,maracas,-13.4411,-40.4308,16.78,92,21,2.17,BR,1675831999
199,lavrentiya,65.5833,-171.0,-26.29,92,98,1.52,RU,1675832000
200,castro,-24.7911,-50.0119,15.85,96,43,2.16,BR,1675832000
201,esperance,-33.8667,121.9,22.3,64,63,6.09,AU,1675832001
202,zhezkazgan,47.8043,67.7144,-12.01,85,100,4.0,KZ,1675832001
203,bengkulu,-3.8004,102.2655,29.6,56,79,4.48,ID,1675832002
204,bambous virieux,-20.3428,57.7575,27.14,78,40,5.14,MU,1675832003
205,yuanping,38.7153,112.7575,2.8,41,100,2.06,CN,1675832003
206,kulhudhuffushi,6.6221,73.07,26.93,72,75,4.67,MV,1675832004
207,brae,60.3964,-1.353,6.85,74,100,14.03,GB,1675832006
208,coquimbo,-29.9533,-71.3436,17.85,88,100,2.57,CL,1675832008
209,the valley,18.217,-63.0578,25.05,76,0,9.03,AI,1675831810
210,navoloki,57.4657,41.9634,-11.77,94,93,3.58,RU,1675832012
211,san isidro,-12.1167,-77.05,25.01,80,0,4.63,PE,1675832012
212,ushirombo,-3.4919,31.9639,17.8,92,75,0.92,TZ,1675832013
213,cherskiy,68.75,161.3,-32.69,97,100,2.53,RU,1675832013
214,staraya kulatka,52.7167,47.6167,-18.76,98,22,2.64,RU,1675832014
215,yongan,39.6957,113.6871,1.51,38,56,1.47,CN,1675832014
216,tres lagoas,-20.7511,-51.6783,20.99,87,93,1.11,BR,1675832015
217,yumen,40.2833,97.2,1.76,37,28,8.6,CN,1675832015
218,bloomington,44.8408,-93.2983,-0.82,81,20,3.6,US,1675832015
219,palana,59.1167,159.9667,-24.85,98,98,4.73,RU,1675832016
220,winnemucca,40.973,-117.7357,2.4,60,71,1.71,US,1675831755
221,anjozorobe,-18.4,47.8667,17.89,87,100,3.74,MG,1675832017
222,sabang,5.8933,95.3214,27.59,74,100,6.33,ID,1675832017
223,salcininkai,54.3,25.3833,-5.95,97,71,2.31,LT,1675832017
224,nishihara,26.1842,127.7558,21.81,73,40,7.72,JP,1675832018
225,fare,-16.7,-151.0167,27.04,70,7,4.09,PF,1675832018
226,umm lajj,25.0213,37.2685,16.62,54,97,4.15,SA,1675832019
227,teguldet,57.3064,88.1667,-11.82,92,100,3.33,RU,1675831799
228,manado,1.487,124.8455,24.43,94,40,2.06,ID,1675832019
229,noumea,-22.2763,166.4572,31.11,99,99,4.37,NC,1675832020
230,ucluelet,48.9329,-125.5528,5.43,75,56,5.93,CA,1675832020
231,otorohanga,-38.1833,175.2,22.88,71,41,4.09,NZ,1675832021
232,komsomolskiy,40.4272,71.7189,5.4,60,92,2.06,UZ,1675831969
233,renqiu,38.6989,116.0936,6.16,32,87,2.51,CN,1675832021
234,narsaq,60.9167,-46.05,-20.88,66,22,4.22,GL,1675832022
235,mizan teferi,6.9833,35.5833,19.85,38,6,1.05,ET,1675832022
236,kangalassy,62.3464,129.9628,-43.04,94,100,0.45,RU,1675832022
237,grindavik,63.8424,-22.4338,-3.03,74,75,12.35,IS,1675831974
238,auki,-8.7676,160.7034,29.82,65,84,2.74,SB,1675832023
239,ayan,56.45,138.1667,-25.63,62,33,2.58,RU,1675832023
240,igarka,67.4667,86.5833,-24.2,100,95,0.36,RU,1675832024
241,pangody,65.85,74.4859,-18.35,91,89,6.69,RU,1675832024
242,sheridan,44.8333,-106.9173,-0.94,73,0,1.54,US,1675832025
243,petatlan,17.5167,-101.2667,21.76,78,0,1.47,MX,1675832025
244,camacha,33.0833,-16.3333,10.68,87,40,2.57,PT,1675832025
245,olafsvik,64.8945,-23.7142,-2.3,52,100,12.68,IS,1675832026
246,hasaki,35.7333,140.8333,12.34,67,100,8.39,JP,1675832026
247,jacqueville,5.2052,-4.4146,26.06,86,66,3.11,CI,1675832027
248,lamu,-2.2717,40.902,25.12,83,44,4.51,KE,1675832027
249,houma,29.5958,-90.7195,19.44,92,40,2.06,US,1675831887
250,makakilo city,21.3469,-158.0858,25.18,70,20,7.72,US,1675832027
251,ilebo,-4.3167,20.5833,21.23,96,100,0.3,CD,1675832028
252,kralendijk,12.15,-68.2667,25.99,73,40,6.17,BQ,1675832028
253,caravelas,-17.7125,-39.2481,24.24,85,42,2.76,BR,1675832029
254,vila franca do campo,37.7167,-25.4333,12.23,75,86,5.06,PT,1675831771
255,lingao,19.9103,109.6859,26.48,64,44,5.42,CN,1675832029
256,banda aceh,5.5577,95.3222,28.77,69,99,4.87,ID,1675832030
257,bilma,18.6853,12.9164,17.8,24,100,3.59,NE,1675832030
258,sao jose da coroa grande,-8.8978,-35.1478,24.46,75,96,2.17,BR,1675831940
259,sola,-13.8833,167.55,27.88,77,98,5.52,VU,1675831934
260,rawson,-43.3002,-65.1023,18.1,58,1,2.13,AR,1675831981
261,guerrero negro,27.9769,-114.0611,15.6,33,0,1.09,MX,1675832031
262,wellington,-41.2866,174.7756,23.1,58,0,8.23,NZ,1675831815
263,thompson,55.7435,-97.8558,-16.91,85,75,1.03,CA,1675832031
264,egvekinot,66.3167,-179.1667,-30.34,88,89,3.93,RU,1675832032
265,pisco,-13.7,-76.2167,23.03,83,0,4.12,PE,1675831758
266,gao,16.6362,1.637,22.31,15,76,5.43,ML,1675832032
267,oussouye,12.485,-16.5469,20.1,44,58,3.29,SN,1675832033
268,bouna,9.2667,-3.0,24.41,69,84,2.46,CI,1675832033
269,svetlogorsk,52.6333,29.7333,-12.55,97,61,1.03,BY,1675832033
270,soroti,1.7146,33.6111,21.5,65,3,2.17,UG,1675832034
271,san policarpo,12.1791,125.5072,27.4,71,100,6.99,PH,1675832034
272,mahebourg,-20.4081,57.7,27.16,78,40,5.14,MU,1675831786
273,almaty,43.25,76.95,-5.05,93,75,1.0,KZ,1675832035
274,ancud,-41.8697,-73.8203,12.83,94,1,1.64,CL,1675831960
275,saint george,37.1041,-113.5841,7.33,52,0,2.57,US,1675832035
276,parrita,9.5201,-84.3225,24.59,73,100,2.25,CR,1675832036
277,steamboat springs,40.485,-106.8317,-10.55,90,0,0.0,US,1675831919
278,daru,-9.0763,143.2092,29.0,76,98,4.36,PG,1675832036
279,ouahigouya,13.5828,-2.4216,23.85,17,85,4.23,BF,1675832037
280,manokwari,-0.8667,134.0833,26.78,81,100,2.29,ID,1675831786
281,acapulco,16.8634,-99.8901,23.98,75,1,1.98,MX,1675831992
282,navolato,24.7672,-107.6944,15.29,34,100,4.26,MX,1675831777
283,te karaka,-38.4654,177.8679,24.4,50,84,0.84,NZ,1675832038
284,dikson,73.5069,80.5464,-20.12,89,100,9.94,RU,1675832038
285,te anau,-45.4167,167.7167,12.72,53,44,4.07,NZ,1675831814
286,hatillo,18.4863,-66.8254,23.56,94,11,0.89,PR,1675832039
287,amapa,1.0,-52.0,22.06,99,100,1.03,BR,1675832039
288,sitka,57.0531,-135.33,1.94,80,75,0.0,US,1675831862
289,yar-sale,66.8333,70.8333,-13.42,85,100,10.8,RU,1675832039
290,cairns,-16.9167,145.7667,34.48,70,75,2.57,AU,1675831917
291,novo aripuana,-5.1206,-60.3797,22.42,99,99,0.51,BR,1675832040
292,cidreira,-30.1811,-50.2056,23.82,82,6,6.17,BR,1675832040
293,muravlenko,63.7898,74.523,-22.9,98,92,4.78,RU,1675832041
294,leningradskiy,69.3833,178.4167,-32.15,95,100,2.22,RU,1675831983
295,miri,4.4148,114.0089,32.08,62,40,2.57,MY,1675832042
296,urucara,-2.5364,-57.76,22.97,98,100,0.09,BR,1675832042
297,luorong,24.4058,109.6086,14.55,85,99,1.7,CN,1675832043
298,saint paul,44.9444,-93.0933,-0.69,80,0,2.57,US,1675831775
299,faya,18.3851,42.4509,9.06,44,17,1.41,SA,1675831876
300,kudat,6.8837,116.8477,26.96,83,20,2.06,MY,1675832044
301,magistralnyy,56.1725,107.4458,-12.46,90,100,2.31,RU,1675832046
302,barranca,-10.75,-77.7667,22.54,82,26,2.23,PE,1675832046
303,san quintin,30.4833,-115.95,14.23,50,0,0.88,MX,1675832048
304,campoverde,-8.4753,-74.8058,21.94,99,64,0.73,PE,1675832049
305,tsiroanomandidy,-18.7667,46.0333,20.78,82,100,2.46,MG,1675832050
306,moron,-34.6534,-58.6198,28.31,65,11,3.64,AR,1675832050
307,comodoro rivadavia,-45.8667,-67.5,15.92,44,0,2.06,AR,1675832051
308,trebinje,42.7119,18.3442,1.19,27,0,10.8,BA,1675832000
309,sambava,-14.2667,50.1667,25.74,81,89,3.27,MG,1675832053
310,dingle,10.9995,122.6711,28.2,67,100,7.44,PH,1675832054
311,nanortalik,60.1432,-45.2371,-15.78,75,12,6.37,GL,1675832055
312,abengourou,6.7297,-3.4964,22.17,98,100,0.86,CI,1675832056
313,chumikan,54.7183,135.315,-24.16,75,59,5.89,RU,1675832058
314,phonhong,18.5007,102.4166,33.08,30,9,0.36,LA,1675832059
315,mastic beach,40.7668,-72.8521,4.87,93,100,3.13,US,1675832059
316,yerbogachen,61.2767,108.0108,-22.63,96,100,0.97,RU,1675832060
317,saint-augustin,51.226,-58.6502,-18.72,91,39,2.63,CA,1675832061
318,sao filipe,14.8961,-24.4956,20.04,69,30,4.28,CV,1675831868
319,lompoc,34.6391,-120.4579,10.29,82,84,4.47,US,1675832065
320,ryotsu,38.0833,138.4333,5.27,80,82,5.21,JP,1675832066
321,quelimane,-17.8786,36.8883,24.97,94,40,0.0,MZ,1675832067
322,lahaina,20.8783,-156.6825,24.34,88,21,5.84,US,1675831930
323,amboasary,-25.0333,46.3833,25.12,69,100,1.58,MG,1675832069
324,usolye,59.4268,56.6808,-15.71,97,100,3.07,RU,1675832071
325,odweyne,9.4092,45.064,20.67,56,21,1.3,SO,1675832071
326,codrington,-38.2667,141.9667,18.76,62,51,6.24,AU,1675832010
327,rocha,-34.4833,-54.3333,20.99,76,50,3.32,UY,1675832073
328,maningrida,-12.0667,134.2667,31.93,61,94,3.19,AU,1675832073
329,quatre cocos,-20.2078,57.7625,27.06,76,55,6.99,MU,1675832073
330,lock haven,41.137,-77.4469,7.17,96,100,2.19,US,1675832074
331,simbahan,6.3032,120.5836,27.28,71,99,2.48,PH,1675832074
332,lysva,58.1086,57.8053,-17.78,99,100,2.13,RU,1675832075
333,jacksonville,30.3322,-81.6556,16.67,89,40,1.54,US,1675832025
334,madhubani,26.3667,86.0833,23.23,39,0,0.95,IN,1675832076
335,panaba,21.2833,-88.2667,20.87,95,0,2.9,MX,1675832076
336,ostrovnoy,68.0531,39.5131,-2.21,82,11,9.07,RU,1675832076
337,port keats,-14.25,129.55,32.26,57,20,3.84,AU,1675832077
338,ust-ordynskiy,52.805,104.7508,-11.32,88,71,0.12,RU,1675832077
339,gat,31.61,34.7642,10.6,100,47,6.14,IL,1675832041
340,saldanha,-33.0117,17.9442,17.03,86,0,3.94,ZA,1675831818
341,wilmington,34.2257,-77.9447,13.81,81,0,0.0,US,1675831960
342,guilin,25.2819,110.2864,10.06,85,100,1.99,CN,1675832078
343,normandin,48.8333,-72.5321,-1.83,80,100,2.06,CA,1675832079
344,laguna,38.421,-121.4238,10.17,80,0,0.0,US,1675831950
345,pocoes,-14.5297,-40.3653,16.61,98,18,1.88,BR,1675832079
346,kloulklubed,7.0419,134.2556,29.28,76,100,8.26,PW,1675832080
347,gambiran,-6.7988,111.4951,25.61,85,100,1.64,ID,1675832080
348,fountain hills,33.6117,-111.7174,12.91,36,0,1.34,US,1675831871
349,tambun,-6.2641,107.0712,31.69,78,40,6.17,ID,1675832081
350,harper,4.375,-7.7169,25.84,84,93,3.05,LR,1675832025
351,bartica,6.4,-58.6167,24.18,99,27,0.58,GY,1675832081
352,pemba,-12.974,40.5178,25.39,85,100,4.03,MZ,1675832082
353,rampura,30.25,75.2333,20.73,23,29,3.19,IN,1675832082
354,coihaique,-45.5752,-72.0662,16.34,72,0,1.54,CL,1675832082
355,camapua,-19.5314,-54.0439,20.37,94,98,0.5,BR,1675832083
356,dagohoy,9.8927,124.2727,27.28,74,100,5.54,PH,1675832083
357,talnakh,69.4865,88.3972,-22.9,97,97,3.22,RU,1675831931
358,marfino,55.7028,37.3822,-6.86,79,100,5.0,RU,1675832084
359,batagay-alyta,67.8006,130.4114,-38.15,100,96,0.48,RU,1675832084
360,kasempa,-13.4584,25.8338,16.64,98,100,2.56,ZM,1675832085
361,santa ines,-3.6667,-45.38,22.4,98,98,1.15,BR,1675832085
362,shestakovo,56.4915,103.96,-9.59,89,100,2.82,RU,1675832085
363,ola,59.5833,151.2833,-21.59,84,33,3.2,RU,1675832086
364,gurgentepe,40.7883,37.6017,-5.06,86,100,3.5,TR,1675832086
365,puerto el triunfo,13.2833,-88.55,24.57,66,3,1.6,SV,1675832087
366,aksarka,66.5606,67.7975,-13.83,94,100,9.35,RU,1675832087
367,pacific grove,36.6177,-121.9166,10.82,88,0,2.57,US,1675832088
368,asau,46.4333,26.4,-6.49,96,99,2.29,RO,1675832088
369,uaua,-9.8414,-39.4817,20.93,74,99,4.8,BR,1675832089
370,lorengau,-2.0226,147.2712,26.04,90,100,8.07,PG,1675832089
371,puerto lleras,3.0223,-73.4044,24.51,59,57,0.83,CO,1675832090
372,antsohihy,-14.8796,47.9875,25.33,88,68,1.19,MG,1675832090
373,guymon,36.6828,-101.4816,3.0,48,100,2.06,US,1675832090
374,kaputa,-8.4689,29.6619,19.51,83,100,1.9,ZM,1675832091
375,kapuskasing,49.4169,-82.4331,-11.95,79,75,2.57,CA,1675832092
376,gwembe,-16.4975,27.6069,17.18,94,94,1.66,ZM,1675832092
377,san cristobal,7.7669,-72.225,20.1,79,14,0.68,VE,1675832092
378,galveston,29.3669,-94.9669,20.66,91,100,6.17,US,1675832093
379,dodge city,37.7528,-100.0171,2.34,69,0,1.54,US,1675831895
380,copiapo,-27.3667,-70.3333,16.83,63,47,0.62,CL,1675832093
381,deputatskiy,69.3,139.9,-41.84,98,50,1.68,RU,1675832094
382,belyy yar,53.6039,91.3903,-13.06,85,100,0.0,RU,1675832094
383,chama,47.1821,8.4636,-1.77,84,100,2.57,CH,1675832095
384,miraflores,19.2167,-98.8083,16.68,57,0,1.2,MX,1675832095
385,nantucket,41.2835,-70.0995,3.08,87,100,5.66,US,1675832096
386,grand gaube,-20.0064,57.6608,27.22,78,30,3.13,MU,1675832096
387,zheleznodorozhnyy,55.7503,38.0042,-6.25,94,68,2.93,RU,1675832096
388,arman,59.7,150.1667,-21.66,82,30,2.92,RU,1675832097
389,marawi,7.9986,124.2928,25.81,61,78,3.65,PH,1675832097
390,geelong,-38.1471,144.3607,23.58,61,61,6.17,AU,1675832098
391,flinders,-34.5833,150.8552,22.32,90,100,1.79,AU,1675832098
392,suleja,9.1758,7.1808,21.55,20,75,2.57,NG,1675832099
393,vila,42.0304,-8.1588,3.49,80,72,3.81,PT,1675832099
394,richards bay,-28.783,32.0377,23.54,91,46,3.87,ZA,1675832100
395,nagato,34.3833,131.2,10.88,51,7,5.52,JP,1675832100
396,lisburn,54.5234,-6.0353,7.69,89,100,5.14,GB,1675832101
397,iguape,-24.7081,-47.5553,22.6,90,70,1.01,BR,1675832101
398,lasa,46.6166,10.7002,-5.54,77,35,0.48,IT,1675831903
399,bubaque,11.2833,-15.8333,24.08,59,5,4.86,GW,1675832103
400,cassilandia,-19.1133,-51.7342,20.57,93,98,0.44,BR,1675832105
401,whitefish,48.4111,-114.3376,3.36,90,100,2.57,US,1675831853
402,labuan,5.2767,115.2417,29.2,74,20,3.09,MY,1675832109
403,kangaatsiaq,68.3065,-53.4641,-27.79,90,98,1.94,GL,1675832110
404,amahai,-3.3333,128.9167,29.64,65,98,2.29,ID,1675832111
405,sulangan,11.1373,123.7228,26.75,75,100,5.55,PH,1675832113
406,araouane,18.9048,-3.5265,17.8,21,1,5.42,ML,1675832115
407,baruun-urt,46.6806,113.2792,-12.51,74,3,4.74,MN,1675832116
408,abu samrah,35.3029,37.1841,2.23,78,49,0.72,SY,1675832118
409,kaitangata,-46.2817,169.8464,14.39,52,22,6.54,NZ,1675832119
410,tura,25.5198,90.2201,24.55,30,82,1.46,IN,1675832121
411,jaggayyapeta,16.9,80.1,29.48,45,37,1.74,IN,1675832122
412,kavaratti,10.5669,72.642,26.79,71,95,5.77,IN,1675832122
413,tela,15.7833,-87.45,22.26,92,26,1.53,HN,1675832123
414,klaksvik,62.2266,-6.589,7.5,85,100,25.6,FO,1675832124
415,karratha,-20.7377,116.8463,35.32,39,42,7.33,AU,1675832125
416,shimsk,58.212,30.7127,-3.98,89,100,5.08,RU,1675832129
417,bosaso,11.2842,49.1816,23.99,88,40,2.06,SO,1675832130
418,necochea,-38.5473,-58.7368,22.09,75,11,5.92,AR,1675831968
419,salinopolis,-0.6136,-47.3561,25.35,87,100,3.68,BR,1675832132
420,sosnogorsk,63.6023,53.8817,-6.63,94,100,4.0,RU,1675832133
421,inirida,3.8653,-67.9239,22.69,96,86,0.53,CO,1675832134
422,kristiinankaupunki,62.2743,21.376,-0.5,98,100,3.44,FI,1675832135
423,dwarka,22.2394,68.9678,23.8,51,23,4.15,IN,1675832135
424,bhanpuri,21.1,80.9167,27.43,20,0,2.82,IN,1675832059
425,sechura,-5.5569,-80.8222,24.45,75,77,4.09,PE,1675832136
426,hohhot,40.8106,111.6522,2.16,25,0,3.0,CN,1675832136
427,ocampo,21.65,-101.5,11.48,33,71,2.3,MX,1675832137
428,marzuq,14.4,46.4667,21.51,35,26,2.22,YE,1675832137
429,biarritz,43.4801,-1.5556,4.85,100,2,2.06,FR,1675832137
430,gondanglegi,-7.7479,112.0132,28.91,76,98,2.79,ID,1675832138
431,chicama,-7.8447,-79.1469,21.3,76,60,1.77,PE,1675832138
432,almenara,-16.1836,-40.6944,20.55,97,18,0.68,BR,1675832139
433,challans,46.8436,-1.8749,1.11,86,8,4.35,FR,1675832139
434,vidim,56.4088,103.1106,-10.72,93,100,2.91,RU,1675832139
435,leshukonskoye,64.8989,45.7622,0.89,99,100,3.93,RU,1675832140
436,cockburn town,21.4612,-71.1419,25.51,73,1,10.26,TC,1675832140
437,korla,41.7597,86.1469,1.2,74,11,2.51,CN,1675832141
438,xichang,27.8964,102.2634,16.19,37,0,1.8,CN,1675831982
439,severnoye,56.3491,78.3619,-17.51,96,92,2.21,RU,1675832141
440,vallenar,-28.5708,-70.7581,21.9,58,38,1.29,CL,1675831897
441,samarai,-10.6167,150.6667,27.31,82,100,7.89,PG,1675832142
442,gaogou,34.0175,119.1886,11.44,43,100,5.62,CN,1675832142
443,leh,34.1667,77.5833,-13.48,62,25,0.47,IN,1675832142
444,san fernando,15.0286,120.6898,30.85,49,99,7.14,PH,1675832143
445,kiunga,-6.1219,141.2906,27.94,82,81,2.53,PG,1675832143
446,byron bay,-28.65,153.6167,28.86,56,90,4.77,AU,1675832134
447,qaqortoq,60.7167,-46.0333,-24.85,67,22,4.11,GL,1675832144
448,zhangjiakou,40.81,114.8794,-0.47,32,34,1.1,CN,1675832144
449,sorland,67.667,12.6934,6.92,89,100,22.67,NO,1675832040
450,goderich,43.7501,-81.7165,2.18,87,98,4.12,CA,1675832116
451,general roca,-39.0333,-67.5833,22.57,26,1,5.49,AR,1675832145
452,fortuna,40.5982,-124.1573,8.51,89,40,0.0,US,1675832145
453,batemans bay,-35.7167,150.1833,21.72,80,100,0.63,AU,1675832071
454,malinovoye ozero,51.6753,79.7825,-14.43,93,98,1.6,RU,1675832146
455,amot,59.5714,7.9877,-1.16,93,100,1.21,NO,1675832146
456,gold coast,-28.0,153.4333,30.69,59,42,7.2,AU,1675832147
457,wajir,1.7471,40.0573,23.98,73,0,2.57,KE,1675832147
458,ikom,5.9667,8.7063,22.24,98,28,0.43,NG,1675832147
459,puerto colombia,10.9878,-74.9547,26.05,79,1,13.73,CO,1675832148
460,nome,64.5011,-165.4064,-23.83,84,0,0.0,US,1675832148
461,dekalb,33.7504,-84.2333,11.26,72,0,0.0,US,1675832149
462,ust-ilimsk,58.0006,102.6619,-9.79,92,100,2.74,RU,1675832149
463,xudat,41.631,48.681,1.71,76,100,5.12,AZ,1675832150
464,tabuk,17.4189,121.4443,27.2,75,70,1.56,PH,1675832150
465,stornoway,58.2093,-6.3865,7.98,79,100,17.49,GB,1675832151
466,boyolangu,-8.1181,111.8935,26.57,80,100,0.67,ID,1675832151
467,nelson bay,-32.7167,152.15,28.03,68,33,7.6,AU,1675832066
468,marsa matruh,31.3525,27.2453,7.11,93,75,2.57,EG,1675832151
469,olinda,-8.0089,-34.8553,23.85,73,20,0.0,BR,1675832152
470,riyadh,24.6877,46.7219,12.08,38,16,2.59,SA,1675832006
471,vikhorevka,56.1201,101.1636,-15.23,91,100,1.47,RU,1675832152
472,otjimbingwe,-22.35,16.1333,20.18,73,62,1.36,NA,1675832153
473,rochegda,62.8,43.25,-0.89,98,100,3.8,RU,1675832153
474,huarmey,-10.0681,-78.1522,22.3,83,11,2.36,PE,1675832108
475,namibe,-15.1961,12.1522,20.56,78,96,2.6,AO,1675832154
476,pichucalco,17.5167,-93.0667,20.94,82,0,1.6,MX,1675832154
477,jieshi,22.8134,115.8257,20.08,72,47,10.27,CN,1675832155
478,coahuayana,18.7333,-103.6833,20.94,94,16,1.53,MX,1675832155
479,colchester,51.8892,0.9042,-2.61,81,31,1.34,GB,1675832155
480,vestmannaeyjar,63.4427,-20.2734,0.07,59,100,16.51,IS,1675831936
481,barstow,34.8986,-117.0228,7.55,36,27,0.64,US,1675832156
482,muros,42.7762,-9.0603,4.49,83,24,6.88,ES,1675832156
483,inuvik,68.3499,-133.7218,-29.52,76,100,1.54,CA,1675832157
484,townsville,-19.25,146.8,31.49,62,75,5.66,AU,1675832157
485,miles city,46.4083,-105.8406,3.54,65,0,4.12,US,1675832158
486,bakel,14.905,-12.4568,22.65,17,54,4.34,SN,1675832158
487,chipinge,-20.1883,32.6236,20.13,74,90,0.96,ZW,1675832158
488,san patricio,28.017,-97.5169,22.05,93,94,4.51,US,1675832159
489,moerai,-22.4333,-151.3333,26.26,78,46,5.38,PF,1675832159
490,tongzi,28.7829,105.0877,12.69,72,100,0.61,CN,1675832160
491,taguatinga,-12.3857,-46.5711,24.02,66,76,0.95,BR,1675832160
492,vianopolis,-16.7419,-48.5164,18.16,91,88,1.17,BR,1675831991
493,dudinka,69.4058,86.1778,-25.05,100,95,2.43,RU,1675831948
494,flin flon,54.7682,-101.865,-7.37,92,27,3.28,CA,1675832161
495,sheregesh,52.9209,87.9869,-6.6,92,100,1.56,RU,1675832161
496,iranshahr,27.2025,60.6848,16.19,39,0,3.09,IR,1675832161
497,hongjiang,27.11,109.9956,9.98,91,100,0.7,CN,1675832162
498,oga,46.4631,10.347,-6.84,98,49,0.98,IT,1675832162
499,jalu,29.0331,21.5482,8.51,62,83,2.46,LY,1675832163
500,chara,56.9064,118.2631,-18.49,71,74,1.29,RU,1675832163
501,port-gentil,-0.7193,8.7815,27.06,81,92,4.95,GA,1675832164
502,kanganpur,30.7663,74.1231,19.49,24,43,2.66,PK,1675832164
503,camopi,3.1655,-52.3158,21.9,100,99,0.8,GF,1675832164
504,novaya zaimka,56.4857,66.9241,-22.37,100,100,1.56,RU,1675832165
505,fuling,29.7022,107.3919,10.87,82,100,0.81,CN,1675832166
506,high level,58.5169,-117.136,-1.94,59,0,2.06,CA,1675832166
507,morant bay,17.8815,-76.4093,25.79,83,17,4.31,JM,1675832166
508,booue,-0.0921,11.9385,22.24,97,87,0.78,GA,1675832167
509,arraial do cabo,-22.9661,-42.0278,23.59,92,100,1.8,BR,1675832168
510,lodingen,68.414,15.9951,5.08,82,100,13.65,NO,1675832168
511,shu,43.5983,73.7614,0.36,74,100,1.37,KZ,1675832168
512,coutances,49.05,-1.4333,-1.02,75,48,2.11,FR,1675832169
513,leningradskaya,46.3214,39.3877,-8.38,73,100,7.7,RU,1675832169
514,taganak,6.0833,118.3,27.08,77,100,2.26,PH,1675832170
515,kenai,60.5544,-151.2583,-3.81,81,100,7.72,US,1675832170
516,mayahi,13.9553,7.6712,17.49,23,59,4.72,NE,1675832170
517,warrnambool,-38.3833,142.4833,18.33,66,63,5.68,AU,1675832078
518,eureka,40.8021,-124.1637,8.71,91,93,1.27,US,1675832097
519,ugoofaaru,5.6667,73.0,27.08,68,28,3.44,MV,1675832171
520,port hedland,-20.3167,118.5667,35.03,46,45,5.66,AU,1675832172
521,thyboron,56.6985,8.2124,4.52,95,84,6.12,DK,1675832172
522,anadyr,64.75,177.4833,-32.72,75,0,4.0,RU,1675832172
523,matamoros,25.5333,-103.25,17.84,29,66,0.73,MX,1675832173
524,la macarena,2.1837,-73.7849,22.8,65,21,0.99,CO,1675832173
525,santo augusto,-27.8508,-53.7772,19.65,40,3,3.34,BR,1675832174
526,cayenne,4.9333,-52.3333,25.02,94,100,2.06,GF,1675831911
527,ailigandi,9.2333,-78.0167,25.59,88,76,6.8,PA,1675832174
528,altay,47.8667,88.1167,-4.76,70,100,1.24,CN,1675832175
529,san carlos de bariloche,-41.1456,-71.3082,13.47,62,0,2.06,AR,1675832175
530,svetlaya,46.5389,138.3297,-7.24,44,35,5.76,RU,1675832100
531,le port,-20.9373,55.2919,29.0,70,81,2.24,RE,1675831939
532,manuk mangkaw,4.8,119.85,26.44,75,100,5.03,PH,1675832176
533,tuy hoa,13.0833,109.3,26.67,76,38,3.28,VN,1675832176
534,fairbanks,64.8378,-147.7164,-14.0,81,100,1.54,US,1675832022
535,milledgeville,33.0801,-83.2321,13.6,93,0,0.0,US,1675832177
536,singapore,1.2897,103.8501,33.97,64,75,6.17,SG,1675832177
537,mount gambier,-37.8333,140.7667,22.48,48,11,5.68,AU,1675832177
538,hamilton,39.1834,-84.5333,10.35,87,100,2.57,US,1675832178
539,conceicao do araguaia,-8.2578,-49.2647,22.32,95,90,1.26,BR,1675832178
540,ryomgard,56.3843,10.503,2.07,98,40,2.68,DK,1675832178
541,porbandar,21.6422,69.6093,25.08,44,20,3.43,IN,1675832179
542,bitung,1.4451,125.1824,24.47,85,100,3.2,ID,1675832179
543,wagar,16.1525,36.2032,18.41,72,17,7.69,SD,1675832180
544,ixtapa,20.7,-105.2,17.92,73,1,1.22,MX,1675832180
545,kapoeta,4.7717,33.5903,27.17,30,53,0.96,SS,1675832181
546,nyuksenitsa,60.4128,44.2397,-5.76,93,100,4.38,RU,1675832181
547,westport,41.1415,-73.3579,4.75,86,100,2.06,US,1675832049
548,isangel,-19.55,169.2667,27.18,78,96,1.87,VU,1675831967
549,calvinia,-31.4707,19.776,18.34,71,50,4.02,ZA,1675832182
550,rey bouba,8.6724,14.1786,20.74,21,9,0.48,CM,1675832182
551,los gatos,37.2266,-121.9747,11.16,76,0,3.6,US,1675832183
552,acarau,-2.8856,-40.12,25.04,83,100,3.94,BR,1675832183
553,uporovo,56.3109,66.2693,-22.43,100,100,1.33,RU,1675832184
554,andenes,69.3143,16.1194,5.52,75,40,14.92,NO,1675832184
555,suez,29.9737,32.5263,8.35,68,7,0.95,EG,1675832185
556,berlevag,70.8578,29.0864,0.97,64,20,13.38,NO,1675831914
557,mount isa,-20.7333,139.5,34.87,43,75,3.09,AU,1675832185
558,caxias,38.7031,-9.2767,10.26,72,75,2.68,PT,1675832186
559,ostersund,63.1792,14.6357,0.25,86,65,4.63,SE,1675832186
560,indianola,41.3581,-93.5574,0.89,70,0,0.89,US,1675832187
